timestamp,Open,High,Low,Close,Volume
2023-01-01,0.33901,0.33991,0.33535,0.33876,12636731.1827
2023-01-02,0.3387,0.35528,0.30212,0.34811,75232101.47600101
2023-01-03,0.34804,0.35199,0.34096,0.34368,27003733.64458824
2023-01-04,0.34365,0.35238,0.342,0.34725,35900738.90032467
2023-01-05,0.34721,0.34865,0.33355,0.33787,25313266.5811136
2023-01-06,0.33786,0.34602,0.33122,0.34428,27687297.97594078
2023-01-07,0.34422,0.34623,0.34132,0.34435,19391064.7775
2023-01-08,0.34437,0.34675,0.33652,0.3452,24525911.3296
2023-01-09,0.34524,0.35747,0.34381,0.349,60257028.06375029
2023-01-10,0.34901,0.35396,0.34359,0.35077,36467461.1995
2023-01-11,0.35078,0.37839,0.34763,0.37304,75384571.35103191
2023-01-12,0.37301,0.3815,0.36101,0.37477,54936962.58988357
2023-01-13,0.37478,0.38669,0.36814,0.38562,42872261.31746415
2023-01-14,0.38566,0.4088,0.37744,0.39523,73206309.81712169
2023-01-15,0.39522,0.3969,0.37964,0.38463,30168822.45199149
2023-01-16,0.38457,0.40613,0.3762,0.38552,61543159.0237
2023-01-17,0.38561,0.39856,0.3791,0.38683,36767463.86693284
2023-01-18,0.38689,0.39622,0.36628,0.37819,58252828.03093913
2023-01-19,0.37819,0.39652,0.37629,0.3929,38256364.6704
2023-01-20,0.39288,0.4142,0.38604,0.41287,44735541.5425518
2023-01-21,0.41278,0.41641,0.3975,0.40328,47334996.5266
2023-01-22,0.40333,0.41204,0.39647,0.40047,38533517.32077506
2023-01-23,0.40044,0.43288,0.39963,0.42349,83047480.8578
2023-01-24,0.42334,0.4311,0.40252,0.40779,43303493.7072
2023-01-25,0.40777,0.42442,0.39699,0.41691,40051806.68375929
2023-01-26,0.41703,0.41787,0.4052,0.40921,36468475.6823
2023-01-27,0.40919,0.41346,0.399,0.41277,33438651.96643854
2023-01-28,0.41274,0.41668,0.40493,0.40773,22084357.402
2023-01-29,0.40765,0.41744,0.40645,0.41343,26490479.9396
2023-01-30,0.41343,0.4221,0.385,0.39345,45362766.92001861
2023-01-31,0.39344,0.41126,0.38831,0.40573,43759932.98575293
2023-02-01,0.40569,0.41573,0.3965,0.4132,46812519.00072393
2023-02-02,0.41325,0.41917,0.40765,0.40975,50926479.2996814
2023-02-03,0.40975,0.41368,0.4052,0.41155,35071156.84302916
2023-02-04,0.41161,0.42035,0.4075,0.41072,26798023.9526
2023-02-05,0.41069,0.41199,0.39448,0.39852,30762876.5161
2023-02-06,0.39853,0.4035,0.39092,0.39209,32386902.73206146
2023-02-07,0.39204,0.40535,0.39012,0.40365,42939515.55770745
2023-02-08,0.40364,0.4061,0.39376,0.3977,39952998.82144985
2023-02-09,0.39772,0.409,0.3725,0.38165,69480997.23121477
2023-02-10,0.38179,0.38781,0.3769,0.38169,41076231.7041
2023-02-11,0.38165,0.38412,0.37971,0.38347,15169478.97001667
2023-02-12,0.38343,0.38493,0.3711,0.37488,18428731.6415
2023-02-13,0.37471,0.37828,0.36121,0.37041,41790837.4722
2023-02-14,0.3704,0.38388,0.36463,0.38199,43161558.7348875
2023-02-15,0.38187,0.40326,0.37659,0.40122,52958173.4888
2023-02-16,0.40121,0.40466,0.38402,0.38406,56690210.2725
2023-02-17,0.38412,0.39995,0.38085,0.39498,45941796.86080628
2023-02-18,0.39491,0.39753,0.39116,0.39412,20986995.8642
2023-02-19,0.39411,0.39837,0.3843,0.38619,34885627.1124
2023-02-20,0.38609,0.40892,0.3775,0.39848,46771827.64729331
2023-02-21,0.39846,0.4025,0.3872,0.39188,37013689.9729
2023-02-22,0.39187,0.39796,0.38257,0.39532,35629636.1616
2023-02-23,0.39532,0.39768,0.38521,0.38827,28244147.9322
2023-02-24,0.38827,0.39073,0.37224,0.37823,32175964.301668
2023-02-25,0.37824,0.37947,0.36911,0.37779,20646589.0584
2023-02-26,0.37775,0.38056,0.3746,0.37795,17101513.06
2023-02-27,0.37789,0.38007,0.37095,0.3785,23530885.4939
2023-02-28,0.37852,0.38299,0.372,0.37623,28744724.48178643
2023-03-01,0.37622,0.3847,0.37287,0.38349,30966605.93684678
2023-03-02,0.38343,0.3845,0.3737,0.37723,25037412.8195
2023-03-03,0.37723,0.38067,0.3531,0.37729,48652380.00455758
2023-03-04,0.37727,0.37994,0.36806,0.37352,25758214.7593
2023-03-05,0.37352,0.37759,0.3654,0.36672,20281555.9674
2023-03-06,0.36671,0.374,0.359,0.36958,34699348.84907924
2023-03-07,0.36957,0.38436,0.36704,0.38014,56083580.30454542
2023-03-08,0.38014,0.4015,0.37224,0.38904,89682210.13779556
2023-03-09,0.38904,0.39748,0.363,0.37067,85339237.0046241
2023-03-10,0.37064,0.37497,0.3572,0.37,66156833.57129633
2023-03-11,0.37,0.37399,0.3582,0.36383,64486438.74073923
2023-03-12,0.36378,0.37144,0.34695,0.37143,64779727.228135
2023-03-13,0.37133,0.37998,0.35568,0.37234,80323090.06875928
2023-03-14,0.37234,0.38717,0.36477,0.37254,60046921.7332
2023-03-15,0.37232,0.37635,0.35602,0.35896,46851869.82691005
2023-03-16,0.35891,0.3669,0.35625,0.3648,27597442.31782799
2023-03-17,0.3648,0.3825,0.36214,0.37986,47629356.86444317
2023-03-18,0.37977,0.38993,0.36901,0.37385,40151337.682
2023-03-19,0.37391,0.40037,0.37363,0.38576,55194753.88703956
2023-03-20,0.38593,0.39125,0.37073,0.37345,45130927.70003898
2023-03-21,0.37346,0.49297,0.37279,0.46932,239910483.47436423
2023-03-22,0.46939,0.47489,0.4079,0.42138,180843862.97403808
2023-03-23,0.42124,0.45535,0.4116,0.44408,109019804.07907384
2023-03-24,0.44381,0.44413,0.4143,0.42575,61821999.78133461
2023-03-25,0.42576,0.4646,0.42224,0.44324,89439207.37990092
2023-03-26,0.44279,0.46314,0.4404,0.44807,47741526.52381885
2023-03-27,0.44794,0.4887,0.44253,0.4788,120007387.36761909
2023-03-28,0.47888,0.53361,0.465,0.51445,177052103.40864543
2023-03-29,0.51445,0.585,0.51369,0.5423,233039113.24760856
2023-03-30,0.54231,0.55781,0.5162,0.53194,150453504.20809964
2023-03-31,0.5318,0.54885,0.5266,0.53766,126505062.13618461
2023-04-01,0.53764,0.5389,0.49689,0.50949,122209648.91569137
2023-04-02,0.50948,0.5289,0.5014,0.51798,92972060.9889
2023-04-03,0.51797,0.52479,0.4802,0.49587,111558443.50634822
2023-04-04,0.49598,0.50787,0.48714,0.50265,81130175.7651
2023-04-05,0.50273,0.527,0.4987,0.50559,81321579.01364157
2023-04-06,0.50561,0.50974,0.49132,0.503,68385243.18457835
2023-04-07,0.503,0.51539,0.49722,0.51262,66734317.4311
2023-04-08,0.51266,0.51312,0.50203,0.50483,32356183.2174
2023-04-09,0.50484,0.50916,0.49745,0.50539,30939223.14221875
2023-04-10,0.50539,0.5198,0.5,0.51771,37772177.3184
2023-04-11,0.51763,0.52855,0.51091,0.51647,59853694.852122
2023-04-12,0.51656,0.51778,0.49793,0.50481,55193445.72864923
2023-04-13,0.50481,0.51562,0.50145,0.51238,46834506.9721
2023-04-14,0.51238,0.5465,0.5112,0.52259,78524117.46614439
2023-04-15,0.52258,0.52605,0.51659,0.51933,31390132.44
2023-04-16,0.51931,0.5243,0.51541,0.52073,30137633.2598729
2023-04-17,0.52072,0.52087,0.50637,0.51076,41412257.58123617
2023-04-18,0.51082,0.53907,0.50907,0.53236,48978379.7989
2023-04-19,0.53246,0.53742,0.4626,0.49121,97321625.53942571
2023-04-20,0.49121,0.49912,0.463,0.47519,89436849.089176
2023-04-21,0.4752,0.47922,0.44018,0.44897,177098265.21732001
2023-04-22,0.44897,0.47585,0.44562,0.472,36047665.21710021
2023-04-23,0.47201,0.47201,0.4526,0.46465,31948919.1923
2023-04-24,0.46465,0.48552,0.44694,0.46086,62003151.04558266
2023-04-25,0.46091,0.472,0.45064,0.46961,37316461.55053333
2023-04-26,0.4696,0.48312,0.43202,0.4616,73346805.94543612
2023-04-27,0.46168,0.46992,0.45537,0.46665,41507658.5952
2023-04-28,0.46657,0.4833,0.46359,0.47957,41430659.3991
2023-04-29,0.47956,0.48692,0.47099,0.47794,25208738.02621036
2023-04-30,0.47795,0.48182,0.46775,0.47031,27996151.178817
2023-05-01,0.47039,0.47235,0.45437,0.46486,38555839.41598506
2023-05-02,0.46487,0.46621,0.45757,0.46441,27256112.1477
2023-05-03,0.46435,0.46545,0.45,0.46324,46858175.80705005
2023-05-04,0.46332,0.46495,0.45466,0.46096,28742946.3606
2023-05-05,0.46088,0.47076,0.45445,0.4669,40329523.88508131
2023-05-06,0.4669,0.46936,0.45135,0.45828,27219302.7941
2023-05-07,0.45829,0.46031,0.44552,0.44896,18085197.36360692
2023-05-08,0.44891,0.45114,0.41,0.42817,69000102.16788683
2023-05-09,0.42814,0.43067,0.42036,0.42875,33851747.3907
2023-05-10,0.42875,0.43381,0.4115,0.43006,63696642.75403
2023-05-11,0.43004,0.43042,0.41144,0.42069,38253920.8764
2023-05-12,0.42061,0.44439,0.41575,0.43054,48243200.0975
2023-05-13,0.43051,0.43052,0.4229,0.42398,14376095.8064
2023-05-14,0.42395,0.43173,0.42092,0.42517,17606715.2071
2023-05-15,0.42521,0.43026,0.4215,0.42712,20333885.91589793
2023-05-16,0.42711,0.443,0.41817,0.44254,39750482.6326
2023-05-17,0.4427,0.46149,0.43747,0.44847,67012179.6956
2023-05-18,0.44847,0.473,0.44302,0.45956,64804217.03470999
2023-05-19,0.45971,0.4755,0.45726,0.46735,37854947.97769283
2023-05-20,0.46741,0.4715,0.4617,0.46848,19622104.8427
2023-05-21,0.46848,0.47052,0.4548,0.45751,26326651.328039
2023-05-22,0.4575,0.46725,0.449,0.46171,30788466.1752
2023-05-23,0.46171,0.46782,0.45855,0.46516,28679779.8997
2023-05-24,0.46512,0.46512,0.44471,0.453,33921480.9295
2023-05-25,0.453,0.45487,0.4432,0.45393,32867489.94487458
2023-05-26,0.45392,0.46996,0.45251,0.4685,48996915.7869
2023-05-27,0.46848,0.47925,0.46485,0.47161,41338213.7505
2023-05-28,0.47155,0.48647,0.46977,0.48201,30751571.3656
2023-05-29,0.48205,0.49537,0.47595,0.49452,63490770.18522915
2023-05-30,0.49448,0.529,0.48947,0.52057,129302141.62242299
2023-05-31,0.52064,0.5278,0.50086,0.51677,86485187.95979231
2023-06-01,0.51678,0.51678,0.5015,0.50636,62093221.38368986
2023-06-02,0.50637,0.527,0.50352,0.52444,74317513.44443122
2023-06-03,0.52444,0.53341,0.51431,0.51885,43538425.1214
2023-06-04,0.5188,0.54681,0.51515,0.53592,74086753.60186275
2023-06-05,0.53581,0.54313,0.48548,0.50882,136177154.31684213
2023-06-06,0.50895,0.53247,0.49578,0.52989,91454885.20418772
2023-06-07,0.52989,0.53816,0.50699,0.51815,98814156.01929683
2023-06-08,0.51825,0.52785,0.51561,0.52371,65861000.5843
2023-06-09,0.52371,0.54192,0.52,0.538,85172273.77216919
2023-06-10,0.53801,0.53875,0.4726,0.50673,143309868.24096128
2023-06-11,0.50673,0.5294,0.50264,0.52078,64770496.9855
2023-06-12,0.52086,0.52802,0.50848,0.52499,69187708.84292451
2023-06-13,0.52499,0.56576,0.50523,0.51933,156626192.35470348
2023-06-14,0.51923,0.52029,0.45673,0.48015,123720552.71800206
2023-06-15,0.48016,0.48573,0.46666,0.48016,72953071.6441335
2023-06-16,0.48016,0.48324,0.45568,0.47573,66424728.2602
2023-06-17,0.47573,0.48708,0.46964,0.47945,34322282.5438025
2023-06-18,0.47945,0.49754,0.47411,0.48683,44093267.79429875
2023-06-19,0.48683,0.49828,0.48117,0.49367,42954486.46500208
2023-06-20,0.49371,0.49666,0.4716,0.49285,58541132.19984027
2023-06-21,0.49284,0.50344,0.48931,0.49998,81330525.36517
2023-06-22,0.49998,0.52724,0.48143,0.4937,97435510.83622056
2023-06-23,0.49371,0.5022,0.48395,0.49603,60512981.87496615
2023-06-24,0.49611,0.49614,0.47586,0.48649,48173748.633055
2023-06-25,0.4865,0.49782,0.48285,0.49023,42071782.4981
2023-06-26,0.49023,0.49194,0.47,0.47894,67539077.84849158
2023-06-27,0.47895,0.4851,0.47587,0.48384,36960217.6963
2023-06-28,0.48381,0.48444,0.4444,0.46478,70604542.22794434
2023-06-29,0.46464,0.477,0.46121,0.47468,36327901.5882
2023-06-30,0.47472,0.48262,0.44886,0.4731,91552361.52254587
2023-07-01,0.4731,0.476,0.46431,0.47317,40799032.31788699
2023-07-02,0.47318,0.49599,0.46956,0.48448,60529021.67298496
2023-07-03,0.4845,0.49125,0.4785,0.48898,48538673.1635
2023-07-04,0.48897,0.49351,0.48157,0.48705,52953595.3854
2023-07-05,0.48712,0.4915,0.46907,0.47767,58579075.021788
2023-07-06,0.47762,0.48402,0.4612,0.46213,53157025.9443
2023-07-07,0.46206,0.47067,0.45751,0.46856,37726549.52477695
2023-07-08,0.46856,0.47472,0.465,0.47043,29414213.2507
2023-07-09,0.4705,0.47174,0.4663,0.46806,20890272.4172
2023-07-10,0.46808,0.47999,0.4621,0.47789,52885712.00746368
2023-07-11,0.47785,0.4804,0.4698,0.47518,34751127.4155
2023-07-12,0.4753,0.47722,0.46494,0.47102,32076823.99158438
2023-07-13,0.47102,0.9369,0.4695,0.8157,326904207.56408793
2023-07-14,0.81509,0.825,0.66625,0.71793,262761995.58945381
2023-07-15,0.71789,0.7362,0.69205,0.71457,89833418.51495235
2023-07-16,0.71457,0.78999,0.7025,0.74713,120321233.48926385
2023-07-17,0.74693,0.7661,0.71217,0.73738,73690134.47592945
2023-07-18,0.73738,0.7845,0.73086,0.7781,84337291.98062465
2023-07-19,0.77826,0.853,0.76987,0.81982,140952647.24267459
2023-07-20,0.81969,0.84888,0.77125,0.79429,91803550.95311088
2023-07-21,0.79432,0.79882,0.75946,0.7715,54845407.33569316
2023-07-22,0.77134,0.7798,0.7211,0.73287,58965188.09546714
2023-07-23,0.73297,0.75185,0.71424,0.73841,49524883.0226
2023-07-24,0.73841,0.74269,0.6815,0.7023,79701824.81274088
2023-07-25,0.70215,0.7162,0.67437,0.70898,62608061.10072604
2023-07-26,0.70904,0.73148,0.6927,0.71612,60544310.82700463
2023-07-27,0.71617,0.73285,0.707,0.71396,38352374.0502534
2023-07-28,0.71393,0.71895,0.70237,0.7121,25953779.05636824
2023-07-29,0.71196,0.71526,0.70425,0.71204,14629116.9403
2023-07-30,0.71215,0.7356,0.68347,0.70464,42177005.34396097
2023-07-31,0.70467,0.72035,0.68521,0.69762,30479158.13895512
2023-08-01,0.69764,0.70798,0.67005,0.70662,43824555.66472901
2023-08-02,0.70661,0.70799,0.67586,0.68483,38038130.52757339
2023-08-03,0.68483,0.68745,0.6525,0.66303,50693291.35192991
2023-08-04,0.66296,0.66763,0.6239,0.63561,55275187.50620663
2023-08-05,0.63564,0.63593,0.61016,0.62877,44137727.29453389
2023-08-06,0.62878,0.6388,0.62149,0.62398,29006859.39818497
2023-08-07,0.62419,0.6298,0.59724,0.62356,47263776.41388592
2023-08-08,0.62357,0.64824,0.61386,0.64183,45950596.49584238
2023-08-09,0.64178,0.6659,0.63172,0.64336,74855487.40800033
2023-08-10,0.64343,0.64447,0.62418,0.63302,33207850.30146218
2023-08-11,0.63302,0.64124,0.62551,0.6317,29368884.75204102
2023-08-12,0.63164,0.63335,0.62277,0.62754,10662316.83716595
2023-08-13,0.62755,0.63855,0.62376,0.62579,16195312.50928063
2023-08-14,0.62568,0.63857,0.62426,0.6341,26076025.73300108
2023-08-15,0.6341,0.63471,0.57994,0.6104,47198849.09489486
2023-08-16,0.61031,0.61694,0.571,0.58888,51393852.23341305
2023-08-17,0.58899,0.59469,0.38806,0.50629,132646526.27210745
2023-08-18,0.50626,0.52269,0.48276,0.50612,86874620.37860168
2023-08-19,0.50615,0.52468,0.5007,0.51998,36885843.75612258
2023-08-20,0.51998,0.5584,0.51613,0.53849,45654598.91264112
2023-08-21,0.53849,0.53973,0.50298,0.52445,55131661.06759529
2023-08-22,0.52435,0.52573,0.50334,0.52107,42696527.2945
2023-08-23,0.52106,0.5367,0.51578,0.53011,34108563.94200749
2023-08-24,0.53012,0.53185,0.5111,0.51867,17108743.2656438
2023-08-25,0.51857,0.53183,0.50769,0.52572,32210517.29153152
2023-08-26,0.52572,0.52844,0.51789,0.52308,12866714.62539779
2023-08-27,0.52314,0.5301,0.51777,0.52358,18548082.70168844
2023-08-28,0.52357,0.5248,0.5102,0.52313,25823676.7256
2023-08-29,0.52306,0.54944,0.51317,0.53978,50577011.46568976
2023-08-30,0.53967,0.54041,0.52162,0.52842,25148938.68650643
2023-08-31,0.52835,0.52896,0.4959,0.51092,44076030.17347545
2023-09-01,0.51093,0.51189,0.4867,0.49795,38989109.70247074
2023-09-02,0.498,0.50267,0.49412,0.49879,12156183.1301
2023-09-03,0.49885,0.51078,0.4972,0.50467,15331978.37005406
2023-09-04,0.50474,0.51292,0.49658,0.50866,19615201.79261631
2023-09-05,0.50868,0.50874,0.49905,0.50548,14298642.59252151
2023-09-06,0.50541,0.50577,0.49114,0.50328,17579754.30790751
2023-09-07,0.50328,0.50686,0.49666,0.50505,12619335.21855793
2023-09-08,0.50509,0.50759,0.49425,0.50477,16378077.982
2023-09-09,0.50476,0.50476,0.5015,0.50391,5599197.3655
2023-09-10,0.5039,0.50391,0.4923,0.49701,12074104.54058439
2023-09-11,0.49701,0.49816,0.45842,0.47428,34817408.92761718
2023-09-12,0.47438,0.48708,0.47017,0.48016,31731301.57343229
2023-09-13,0.48021,0.48959,0.47309,0.48325,25324018.61637372
2023-09-14,0.48318,0.494,0.48007,0.48917,14768508.4679
2023-09-15,0.48917,0.50883,0.48752,0.50054,21022001.43533133
2023-09-16,0.50053,0.50331,0.49691,0.49978,8216425.86721181
2023-09-17,0.49974,0.50039,0.48948,0.49247,9357515.84450967
2023-09-18,0.49248,0.50762,0.48688,0.50299,21360811.99060181
2023-09-19,0.50277,0.51668,0.50063,0.51385,16725186.4194452
2023-09-20,0.5139,0.52543,0.50663,0.52117,20057279.74266172
2023-09-21,0.52118,0.5214,0.50013,0.50719,14520670.60820684
2023-09-22,0.50716,0.51703,0.5036,0.51226,11613887.13571646
2023-09-23,0.51227,0.51364,0.50559,0.50756,8103488.77410609
2023-09-24,0.5076,0.51164,0.49807,0.50216,8398299.51536677
2023-09-25,0.50205,0.50703,0.49138,0.50565,16435572.99208887
2023-09-26,0.50559,0.50742,0.49606,0.50189,13974063.06211841
2023-09-27,0.50183,0.50712,0.4968,0.49928,15291529.31974701
2023-09-28,0.49928,0.51,0.49528,0.50971,13790794.11096877
2023-09-29,0.50969,0.54947,0.50625,0.5215,48810108.04105018
2023-09-30,0.52143,0.52163,0.51345,0.5148,14004558.5973
2023-10-01,0.51495,0.52586,0.51373,0.52402,15099998.95291194
2023-10-02,0.52413,0.52652,0.50636,0.51207,25964422.93228435
2023-10-03,0.51219,0.54841,0.50508,0.53916,39747447.56267489
2023-10-04,0.53898,0.54264,0.51908,0.53271,43212585.86253366
2023-10-05,0.53271,0.53271,0.51573,0.52278,21722901.56388613
2023-10-06,0.52271,0.52966,0.51665,0.52539,15453428.70414292
2023-10-07,0.52537,0.52574,0.5197,0.52161,7951104.9008
2023-10-08,0.5215,0.52336,0.51539,0.51755,9004859.31468262
2023-10-09,0.51736,0.52,0.4833,0.5028,31875408.61489008
2023-10-10,0.50277,0.50277,0.49182,0.49638,15883042.76343339
2023-10-11,0.49638,0.49758,0.47818,0.4888,25453123.19999563
2023-10-12,0.48879,0.48887,0.47295,0.48305,24978473.7071728
2023-10-13,0.48306,0.49067,0.47878,0.48513,19754212.43109903
2023-10-14,0.48509,0.48833,0.48351,0.48664,9609381.13132444
2023-10-15,0.48664,0.49025,0.48504,0.48733,9140160.34339339
2023-10-16,0.48732,0.51099,0.48462,0.49765,43687136.82288371
2023-10-17,0.49766,0.49795,0.48474,0.49127,19675654.44934529
2023-10-18,0.49112,0.4924,0.48521,0.48772,13214547.3282
2023-10-19,0.48777,0.52442,0.4766,0.51984,43387104.9541749
2023-10-20,0.51981,0.53094,0.50862,0.51485,43385148.69545118
2023-10-21,0.51492,0.53346,0.51082,0.521,23535113.82089777
2023-10-22,0.52109,0.52419,0.51188,0.52266,17230287.20010813
2023-10-23,0.52257,0.55339,0.52,0.54753,50180317.75435159
2023-10-24,0.54754,0.5867,0.53586,0.55889,81134256.2478344
2023-10-25,0.55889,0.56416,0.54038,0.5553,30102459.40788125
2023-10-26,0.55522,0.56957,0.54037,0.55341,27377079.08317243
2023-10-27,0.55317,0.55903,0.5327,0.54305,21833099.09627102
2023-10-28,0.54302,0.55023,0.54061,0.54462,7980526.81525587
2023-10-29,0.54454,0.56123,0.54045,0.55598,13355948.50214065
2023-10-30,0.55603,0.58412,0.5496,0.57814,28009381.54285509
2023-10-31,0.5781,0.62281,0.56269,0.59962,50222375.3941493
2023-11-01,0.59958,0.6165,0.58018,0.60861,39004933.73095113
2023-11-02,0.60862,0.626,0.58611,0.60539,37547608.41127305
2023-11-03,0.60544,0.61507,0.59118,0.61217,29696283.6717661
2023-11-04,0.61201,0.61797,0.60813,0.61507,11350912.53070256
2023-11-05,0.61507,0.6627,0.61401,0.66052,43009001.45048983
2023-11-06,0.66065,0.73241,0.65872,0.71463,79580952.65137708
2023-11-07,0.71454,0.71546,0.65037,0.68499,80174515.1979618
2023-11-08,0.68498,0.7,0.67259,0.6874,33485856.2850609
2023-11-09,0.6874,0.70699,0.61828,0.66684,79202033.96971279
2023-11-10,0.66674,0.67111,0.63599,0.65931,42783263.60851719
2023-11-11,0.65939,0.6875,0.63962,0.66303,38119217.36980619
2023-11-12,0.66296,0.6707,0.6457,0.66143,20670251.74616507
2023-11-13,0.66135,0.75,0.63983,0.67003,95845987.73750719
2023-11-14,0.6702,0.6725,0.59,0.62949,61721437.6332255
2023-11-15,0.6295,0.65026,0.62521,0.64805,26788761.443382
2023-11-16,0.64806,0.6532,0.60304,0.61174,39983684.49929419
2023-11-17,0.61182,0.6242,0.58543,0.61324,37739478.54541505
2023-11-18,0.61329,0.61442,0.589,0.61059,23677707.31286989
2023-11-19,0.61059,0.6285,0.60135,0.6258,20152771.36132719
2023-11-20,0.62594,0.62831,0.60623,0.61204,30289789.55857897
2023-11-21,0.61194,0.6177,0.57207,0.57848,49957121.71852039
2023-11-22,0.57849,0.61619,0.57742,0.61098,28627426.03184821
2023-11-23,0.61104,0.6238,0.6061,0.62065,19207105.21367145
2023-11-24,0.62079,0.62606,0.61533,0.62117,22737696.80948583
2023-11-25,0.62117,0.62349,0.6155,0.62263,10864430.1519921
2023-11-26,0.62263,0.6376,0.60637,0.61594,27727640.61116464
2023-11-27,0.61593,0.61693,0.59359,0.60382,25567264.18705653
2023-11-28,0.60368,0.6139,0.59577,0.61056,19365619.72942463
2023-11-29,0.61062,0.61696,0.6037,0.60912,16428391.90001453
2023-11-30,0.60902,0.60973,0.59767,0.60636,20182614.66792782
2023-12-01,0.60637,0.61423,0.60328,0.61247,15516209.28665781
2023-12-02,0.61243,0.62285,0.611,0.62064,15297087.60768192
2023-12-03,0.62065,0.634,0.61684,0.62304,19048455.69319049
2023-12-04,0.6231,0.64366,0.5805,0.62455,54100830.27162324
2023-12-05,0.6246,0.63054,0.60739,0.62095,37109407.17611783
2023-12-06,0.62101,0.64374,0.61,0.64011,43827361.34674509
2023-12-07,0.64007,0.6543,0.62109,0.64332,37593969.68163594
2023-12-08,0.64346,0.67566,0.63757,0.67231,41310087.07691484
2023-12-09,0.67229,0.70047,0.65175,0.65853,51674271.61218463
2023-12-10,0.65852,0.67137,0.64688,0.66177,17445053.85387273
2023-12-11,0.66199,0.66279,0.57786,0.61862,67966666.81024705
2023-12-12,0.61858,0.62621,0.60672,0.61913,23060673.80986236
2023-12-13,0.61915,0.63489,0.59308,0.6275,27577114.623151
2023-12-14,0.62754,0.63782,0.603,0.63162,31115680.5623609
2023-12-15,0.63162,0.64409,0.6125,0.6155,31073789.20106287
2023-12-16,0.61552,0.62569,0.61034,0.62035,13365198.3781081
2023-12-17,0.6205,0.62366,0.60838,0.61024,14090818.76812355
2023-12-18,0.61038,0.61459,0.57939,0.61249,32491696.84969307
2023-12-19,0.61252,0.6167,0.59723,0.60445,24470905.0164
2023-12-20,0.60441,0.62631,0.60082,0.6171,29382448.27612069
2023-12-21,0.61706,0.625,0.61035,0.62399,19348443.77761191
2023-12-22,0.62399,0.63189,0.61538,0.62431,20525396.36270874
2023-12-23,0.62451,0.62487,0.61053,0.61948,13452026.41530679
2023-12-24,0.61948,0.62978,0.604,0.61216,27510398.60453022
2023-12-25,0.61202,0.64922,0.6081,0.64605,37465187.91168875
2023-12-26,0.64612,0.64663,0.59721,0.622,44435612.07090444
2023-12-27,0.62201,0.642,0.61278,0.63409,29418246.08441249
2023-12-28,0.63415,0.6577,0.62473,0.63454,35675480.02581007
2023-12-29,0.63467,0.63629,0.6113,0.62296,26307592.03384405
2023-12-30,0.62287,0.62967,0.61567,0.62072,12147442.11277609
2023-12-31,0.62062,0.62858,0.60622,0.61548,13266512.8751
2024-01-01,0.6153,0.63077,0.60853,0.62943,12761756.42037162
2024-01-02,0.62944,0.64023,0.62172,0.6243,31816606.51522412
2024-01-03,0.62428,0.6394,0.4633,0.58225,116406010.4333
2024-01-04,0.58227,0.59373,0.56951,0.58679,34686896.72916654
2024-01-05,0.58733,0.58849,0.55247,0.57579,45074211.80957857
2024-01-06,0.57578,0.57578,0.55679,0.56804,14140048.5252
2024-01-07,0.56805,0.57288,0.5457,0.55139,16863438.7355098
2024-01-08,0.55146,0.582,0.54408,0.5775,55159930.79147773
2024-01-09,0.5775,0.57926,0.552,0.56694,53990626.20454735
2024-01-10,0.56694,0.61474,0.54865,0.60057,76536365.67786249
2024-01-11,0.6007,0.62422,0.58568,0.60196,43769762.81924525
2024-01-12,0.60187,0.60354,0.55101,0.56982,36370018.08524794
2024-01-13,0.56991,0.57746,0.56308,0.57471,13836869.23376872
2024-01-14,0.5747,0.59316,0.57162,0.57623,20281842.08894834
2024-01-15,0.57646,0.58939,0.56876,0.57558,20190483.4560398
2024-01-16,0.57557,0.57976,0.56608,0.57573,18815957.06770724
2024-01-17,0.57591,0.57625,0.5613,0.56855,24108344.57431042
2024-01-18,0.56849,0.56903,0.5428,0.55202,33421879.13166348
2024-01-19,0.55203,0.5538,0.52169,0.54429,43926666.46067239
2024-01-20,0.54422,0.555,0.53911,0.55349,22266071.86253035
2024-01-21,0.55336,0.55526,0.54544,0.54641,11574512.932
2024-01-22,0.54634,0.5496,0.51712,0.52746,29361378.3729121
2024-01-23,0.52746,0.5317,0.49609,0.51819,34147720.44870502
2024-01-24,0.51827,0.51932,0.5112,0.51826,18914230.88501732
2024-01-25,0.51821,0.51828,0.50385,0.5136,15638252.54589883
2024-01-26,0.51361,0.53664,0.50858,0.53218,24220030.62288467
2024-01-27,0.53219,0.53489,0.52622,0.53041,10543284.20230402
2024-01-28,0.53041,0.5354,0.52111,0.52419,15279598.207217
2024-01-29,0.5241,0.53998,0.5192,0.53517,23045364.64112581
2024-01-30,0.53513,0.53915,0.50728,0.51075,34841154.11409631
2024-01-31,0.51074,0.51444,0.48501,0.50321,40084885.4359872
2024-02-01,0.50319,0.51069,0.49011,0.50584,30116521.5676
2024-02-02,0.50589,0.51404,0.49878,0.5104,24008012.44569253
2024-02-03,0.51041,0.52689,0.50604,0.51872,20480911.15523184
2024-02-04,0.51874,0.5191,0.50001,0.50306,13314874.60686234
2024-02-05,0.50306,0.51416,0.49686,0.50676,19631810.63151
2024-02-06,0.50674,0.51105,0.49823,0.50508,20687516.08649897
2024-02-07,0.50503,0.5165,0.49944,0.51379,24089363.03639372
2024-02-08,0.5138,0.51914,0.5102,0.51466,24272314.2105076
2024-02-09,0.51466,0.52893,0.51405,0.52615,24869368.99651712
2024-02-10,0.52615,0.5281,0.51836,0.52376,13779102.09119751
2024-02-11,0.52388,0.53597,0.52166,0.52632,22129837.39756959
2024-02-12,0.52621,0.53802,0.51439,0.53148,25326437.6723207
2024-02-13,0.53154,0.5337,0.514,0.52465,27431992.0134
2024-02-14,0.52464,0.54236,0.52031,0.53773,27497629.8289
2024-02-15,0.53774,0.5769,0.537,0.56213,50769939.82876286
2024-02-16,0.56218,0.57928,0.55213,0.5643,35560575.1470445
2024-02-17,0.56429,0.56535,0.53936,0.54958,23071668.50112364
2024-02-18,0.5496,0.56244,0.5471,0.55714,16856914.28668848
2024-02-19,0.55718,0.56776,0.55364,0.56269,27147991.28939178
2024-02-20,0.56268,0.575,0.54327,0.56221,47463153.9111985
2024-02-21,0.56225,0.5629,0.53272,0.54905,29125403.96459485
2024-02-22,0.54906,0.55208,0.53658,0.54098,21741911.49500303
2024-02-23,0.54097,0.54376,0.52502,0.53417,24610235.79421489
2024-02-24,0.534,0.54795,0.53144,0.54499,13895637.14652544
2024-02-25,0.54498,0.5486,0.54195,0.54246,12796934.2492
2024-02-26,0.54251,0.55283,0.52892,0.55069,29385631.17601314
2024-02-27,0.55068,0.59705,0.54776,0.58615,58986553.63763661
2024-02-28,0.58609,0.60604,0.52256,0.57504,102875729.0552977
2024-02-29,0.57503,0.62585,0.56725,0.58663,87319697.60538844
2024-03-01,0.58674,0.60336,0.583,0.6012,32904170.58664878
2024-03-02,0.60126,0.6508,0.59935,0.64396,51525820.43459454
2024-03-03,0.64406,0.64438,0.58271,0.62678,49152266.66878615
2024-03-04,0.62694,0.66619,0.61,0.64783,71627514.59169683
2024-03-05,0.64769,0.66879,0.52266,0.59129,113516067.34049315
2024-03-06,0.5913,0.62436,0.57559,0.61216,63618898.11489203
2024-03-07,0.61206,0.639,0.6065,0.62707,49921393.32773264
2024-03-08,0.62708,0.63382,0.59864,0.61997,54821208.81047749
2024-03-09,0.61992,0.6321,0.61543,0.6197,28299386.36382784
2024-03-10,0.61972,0.628,0.5966,0.60808,30644458.02970197
2024-03-11,0.6081,0.74422,0.58095,0.72282,151432279.05053299
2024-03-12,0.72294,0.73299,0.6584,0.68795,94940327.68373598
2024-03-13,0.68805,0.7025,0.66745,0.68909,64917539.05948663
2024-03-14,0.68922,0.7075,0.63779,0.66901,79196945.72927595
2024-03-15,0.66909,0.67568,0.5944,0.63406,81530344.12899495
2024-03-16,0.63416,0.6477,0.5925,0.60292,95014409.42680755
2024-03-17,0.60301,0.62475,0.587,0.61917,53143050.27800204
2024-03-18,0.61918,0.66858,0.5945,0.64515,71197333.94911088
2024-03-19,0.645,0.6488,0.57132,0.58476,114375836.14103921
2024-03-20,0.58455,0.61894,0.56743,0.61055,74112454.79359509
2024-03-21,0.61055,0.65466,0.59713,0.64031,76492078.0770904
2024-03-22,0.64023,0.64522,0.59861,0.61134,63227651.25086453
2024-03-23,0.61145,0.63295,0.60284,0.61673,29856648.52777108
2024-03-24,0.61664,0.63578,0.61324,0.63259,30060590.31928004
2024-03-25,0.6327,0.66274,0.62638,0.64042,59410483.29510276
2024-03-26,0.64043,0.65297,0.62468,0.63231,49300221.57013582
2024-03-27,0.63232,0.63474,0.60547,0.61176,31653160.306457
2024-03-28,0.61146,0.6373,0.60336,0.62448,25002323.44632492
2024-03-29,0.62447,0.64622,0.60886,0.63007,30246387.3516538
2024-03-30,0.63006,0.6373,0.61771,0.62125,14047081.3554
2024-03-31,0.62111,0.63006,0.6205,0.62944,8712979.728975
2024-04-01,0.62944,0.63387,0.59469,0.61091,25956615.7642445
2024-04-02,0.61097,0.61835,0.57926,0.58526,42633471.54347356
2024-04-03,0.5851,0.59308,0.56621,0.57411,31759310.07257397
2024-04-04,0.57417,0.61712,0.55964,0.59338,50767519.59061365
2024-04-05,0.59329,0.59397,0.56824,0.58694,27406478.43234694
2024-04-06,0.58689,0.5994,0.5854,0.593,15192886.37517217
2024-04-07,0.593,0.60297,0.58942,0.59444,17379680.57394293
2024-04-08,0.59431,0.62639,0.58809,0.61462,36275029.72122967
2024-04-09,0.61462,0.6435,0.60127,0.61399,37031367.2308
2024-04-10,0.61369,0.6202,0.59203,0.61707,37124547.75491056
2024-04-11,0.6171,0.6214,0.60307,0.60849,20313928.83747836
2024-04-12,0.60856,0.6157,0.47665,0.54673,68931736.00076729
2024-04-13,0.54675,0.54899,0.4,0.47871,100663383.17828284
2024-04-14,0.47871,0.50723,0.46372,0.50332,46976630.82534652
2024-04-15,0.50333,0.51933,0.48109,0.49761,47689929.74502959
2024-04-16,0.49762,0.50203,0.47552,0.49625,25447181.711506
2024-04-17,0.49629,0.50783,0.47155,0.49505,31225157.0313282
2024-04-18,0.49514,0.50583,0.48545,0.50253,23342834.97152393
2024-04-19,0.50251,0.5107,0.46664,0.50288,37752873.97879614
2024-04-20,0.50282,0.52989,0.49814,0.52879,24420291.10421988
2024-04-21,0.52874,0.53656,0.51826,0.52456,18116859.60761924
2024-04-22,0.52456,0.57139,0.52229,0.55598,36801737.3943684
2024-04-23,0.55605,0.55746,0.54157,0.54454,27058728.38419918
2024-04-24,0.54453,0.55179,0.52075,0.52738,39966044.71384588
2024-04-25,0.52732,0.5326,0.5136,0.52538,29019227.97639051
2024-04-26,0.52529,0.536,0.51443,0.52607,23634230.5541
2024-04-27,0.52614,0.52652,0.5075,0.51792,16136413.56028174
2024-04-28,0.51804,0.52528,0.50852,0.51039,12692893.871525
2024-04-29,0.51031,0.5175,0.49868,0.51503,21346264.90642668
2024-04-30,0.51503,0.51969,0.48753,0.50065,29983753.63989357
2024-05-01,0.50061,0.52134,0.47812,0.51741,30704298.94282865
2024-05-02,0.5174,0.5245,0.50665,0.51794,19599358.68620634
2024-05-03,0.51795,0.53662,0.51462,0.53166,25119179.32864074
2024-05-04,0.53141,0.54085,0.52723,0.53021,14545310.37265092
2024-05-05,0.5301,0.53337,0.524,0.5295,11119303.37932883
2024-05-06,0.52947,0.57039,0.52464,0.5401,38922863.89037803
2024-05-07,0.54011,0.54429,0.52174,0.52435,23632098.78410855
2024-05-08,0.52432,0.5299,0.51523,0.51712,18742202.74504349
2024-05-09,0.51741,0.52375,0.50867,0.5209,17183083.9505663
2024-05-10,0.52081,0.52081,0.49699,0.50216,14610064.86369058
2024-05-11,0.50209,0.50774,0.50053,0.50595,8782815.29121547
2024-05-12,0.50592,0.50858,0.49535,0.49932,6496854.22617166
2024-05-13,0.49934,0.512,0.4866,0.50528,16127390.23653531
2024-05-14,0.50515,0.51317,0.49722,0.50022,14989119.3981735
2024-05-15,0.50023,0.51955,0.49652,0.51883,15685335.10793853
2024-05-16,0.51909,0.52255,0.51223,0.51569,17591599.74831436
2024-05-17,0.51569,0.52924,0.51348,0.52341,16379574.86457407
2024-05-18,0.5234,0.52551,0.51859,0.52119,7460608.23386892
2024-05-19,0.5215,0.52347,0.5062,0.5095,8024362.59026435
2024-05-20,0.5096,0.53802,0.50632,0.53783,20927471.53850806
2024-05-21,0.53783,0.55748,0.53179,0.53712,31493008.04089058
2024-05-22,0.53712,0.53806,0.52226,0.52688,17215167.96696946
2024-05-23,0.52689,0.5487,0.5007,0.52879,35385364.31523484
2024-05-24,0.52878,0.53738,0.51674,0.53586,21032390.17024349
2024-05-25,0.53597,0.54258,0.532,0.5419,11203213.10570035
2024-05-26,0.54166,0.54193,0.52568,0.52831,9002514.83896465
2024-05-27,0.5282,0.54081,0.52359,0.53396,17553007.80261694
2024-05-28,0.53402,0.53537,0.52114,0.52872,15969352.4836517
2024-05-29,0.52876,0.53317,0.52001,0.52373,13825231.6913
2024-05-30,0.5237,0.52822,0.51269,0.5187,14105950.26501254
2024-05-31,0.5187,0.52582,0.51177,0.51759,16024737.86729918
2024-06-01,0.51771,0.52184,0.51748,0.51861,6067617.67321342
2024-06-02,0.5186,0.52089,0.50806,0.51353,9629323.03800987
2024-06-03,0.51357,0.52289,0.51174,0.51983,9667844.4596
2024-06-04,0.51974,0.53028,0.51818,0.52575,15154052.82360673
2024-06-05,0.52584,0.53237,0.52343,0.52576,14504256.45547532
2024-06-06,0.52588,0.5281,0.51625,0.52145,10193477.57795371
2024-06-07,0.5214,0.52792,0.4501,0.49898,49713387.07137187
2024-06-08,0.49855,0.5008,0.48982,0.49279,9128103.55540834
2024-06-09,0.49263,0.49918,0.49096,0.49868,4617672.86996113
2024-06-10,0.49864,0.50587,0.4934,0.4969,14008582.67135073
2024-06-11,0.49689,0.49695,0.47,0.48025,28452564.5261
2024-06-12,0.4803,0.49796,0.47411,0.49156,24838195.369
2024-06-13,0.49168,0.49168,0.47549,0.47691,16730086.79840859
2024-06-14,0.47721,0.48145,0.45907,0.47451,39586616.447023
2024-06-15,0.47449,0.50502,0.47398,0.49078,14445606.39773721
2024-06-16,0.49087,0.49951,0.48774,0.48923,13194495.8625
2024-06-17,0.48923,0.52119,0.48412,0.50467,37015018.23548132
2024-06-18,0.50461,0.5098,0.46972,0.49088,44709964.6437299
2024-06-19,0.49084,0.49956,0.48693,0.49312,26050382.14571029
2024-06-20,0.49325,0.50263,0.48818,0.48878,27870963.4559
2024-06-21,0.4888,0.49578,0.47968,0.48901,27005432.02541
2024-06-22,0.48909,0.48963,0.48412,0.48656,10879831.71466758
2024-06-23,0.48671,0.48915,0.47423,0.47977,10675690.2082
2024-06-24,0.47986,0.48233,0.46024,0.47419,35823536.22133216
2024-06-25,0.4743,0.47991,0.47323,0.47574,19507313.83950063
2024-06-26,0.4758,0.47809,0.46531,0.4698,15794416.0493
2024-06-27,0.46984,0.47705,0.46575,0.4753,14397609.9249
2024-06-28,0.47529,0.48127,0.46915,0.47155,16798769.03488538
2024-06-29,0.47164,0.4768,0.47156,0.47266,6608052.02433611
2024-06-30,0.47263,0.478,0.47016,0.47614,11498985.852
2024-07-01,0.47609,0.48482,0.47544,0.47701,17013963.11787824
2024-07-02,0.47701,0.48891,0.47601,0.48536,17115219.1298479
2024-07-03,0.48536,0.48682,0.46116,0.46725,19959216.78531048
2024-07-04,0.46725,0.46962,0.43087,0.43283,34149408.35153133
2024-07-05,0.43286,0.43337,0.38115,0.42509,57607005.87873024
2024-07-06,0.42517,0.44966,0.42354,0.44886,11442779.41299724
2024-07-07,0.44895,0.44902,0.4181,0.41931,14051910.89367969
2024-07-08,0.41944,0.4437,0.403,0.43159,31087958.93993377
2024-07-09,0.43152,0.43924,0.42496,0.43571,14181522.04628136
2024-07-10,0.43567,0.44253,0.43082,0.43889,14878231.26500073
2024-07-11,0.43888,0.4563,0.43632,0.44908,14526386.98873014
2024-07-12,0.44908,0.47825,0.44441,0.47452,34128954.81651517
2024-07-13,0.47451,0.5664,0.47382,0.52552,61152603.09377859
2024-07-14,0.52556,0.53987,0.51352,0.52019,30013172.65367069
2024-07-15,0.52018,0.5405,0.52013,0.53706,31083077.8581082
2024-07-16,0.53716,0.59473,0.53241,0.57935,56837768.90792695
2024-07-17,0.57917,0.638,0.57831,0.626,62385362.12847192
2024-07-18,0.62593,0.63666,0.55714,0.56952,85780558.19272693
2024-07-19,0.56956,0.58664,0.54028,0.57318,48670233.27074899
2024-07-20,0.57319,0.60493,0.57068,0.59375,40499738.07854369
2024-07-21,0.5939,0.6078,0.57202,0.59831,30368311.22796264
2024-07-22,0.5984,0.6229,0.58541,0.60787,40585615.17159221
2024-07-23,0.60801,0.61682,0.57661,0.59738,40823579.22328645
2024-07-24,0.59747,0.63322,0.59163,0.61859,46715418.06187616
2024-07-25,0.618,0.62653,0.58391,0.59977,51944387.85607183
2024-07-26,0.59948,0.60912,0.58617,0.60327,31494383.96511387
2024-07-27,0.60332,0.60924,0.58315,0.59573,20226663.70415569
2024-07-28,0.59544,0.61467,0.59121,0.60138,13671765.35120082
2024-07-29,0.60138,0.61221,0.5921,0.60183,26998618.61111902
2024-07-30,0.60181,0.63782,0.59534,0.6275,49904354.29020034
2024-07-31,0.62772,0.65854,0.62156,0.62305,54995420.08665125
2024-08-01,0.6231,0.63026,0.5676,0.5964,52107389.68375855
2024-08-02,0.59657,0.59689,0.546,0.5608,44486009.376045
2024-08-03,0.5606,0.5776,0.54051,0.5559,32594127.00481668
2024-08-04,0.55556,0.55901,0.51336,0.5229,33827189.65268094
2024-08-05,0.5227,0.52594,0.428,0.48846,108455201.83374649
2024-08-06,0.48821,0.51884,0.48779,0.50596,45179974.79170419
2024-08-07,0.506,0.644,0.49244,0.60041,92075510.7634222
2024-08-08,0.60041,0.644,0.57844,0.61639,76441079.98777105
2024-08-09,0.61678,0.6245,0.56761,0.58055,48483888.91642756
2024-08-10,0.5805,0.60233,0.578,0.58391,24057632.85059654
2024-08-11,0.584,0.59351,0.54531,0.55254,32759621.91287762
2024-08-12,0.55272,0.58074,0.55022,0.56869,33545702.09589112
2024-08-13,0.56815,0.58341,0.5626,0.57687,34510621.36969784
2024-08-14,0.57687,0.58297,0.56384,0.56865,30363050.06730098
2024-08-15,0.5687,0.5741,0.55069,0.5607,21700945.89913668
2024-08-16,0.5607,0.57091,0.55344,0.5638,16895708.96946446
2024-08-17,0.56364,0.57086,0.56119,0.56625,6402447.12340363
2024-08-18,0.5665,0.584,0.56264,0.56301,14173416.89746313
2024-08-19,0.56313,0.60911,0.56,0.59826,34445290.68863374
2024-08-20,0.59845,0.616,0.5863,0.59372,29220045.80535319
2024-08-21,0.59373,0.60555,0.5838,0.6001,20967756.22198921
2024-08-22,0.6001,0.60459,0.59121,0.5974,19581821.25227256
2024-08-23,0.59765,0.61599,0.59,0.6108,23553117.87395439
2024-08-24,0.61091,0.63095,0.60433,0.61276,20435541.2204
2024-08-25,0.61253,0.61403,0.5952,0.6,14040359.84342408
2024-08-26,0.5999,0.60196,0.5779,0.58739,20477990.53179715
2024-08-27,0.58737,0.60033,0.55238,0.56663,26771464.66304392
2024-08-28,0.56663,0.58441,0.55576,0.56916,22093606.79877909
2024-08-29,0.56942,0.57676,0.557,0.56199,14796678.1128438
2024-08-30,0.56154,0.56769,0.54614,0.5668,15437259.23207028
2024-08-31,0.56681,0.57198,0.56245,0.56631,6098406.60415805
2024-09-01,0.56627,0.56665,0.54327,0.54729,13379266.61441601
2024-09-02,0.54724,0.56869,0.5435,0.56775,14980511.147651
2024-09-03,0.56777,0.57233,0.55643,0.55697,15404202.20856207
2024-09-04,0.55723,0.56468,0.53227,0.55797,21513329.71961682
2024-09-05,0.55796,0.55961,0.53982,0.5445,15590544.47825904
2024-09-06,0.5446,0.54725,0.50247,0.52106,29265536.1671894
2024-09-07,0.52091,0.53275,0.51981,0.5249,6485544.62118237
2024-09-08,0.52489,0.53157,0.52078,0.52944,7444145.9161215
2024-09-09,0.52945,0.54308,0.52695,0.53952,10794444.88346485
2024-09-10,0.53946,0.54265,0.53371,0.5408,9971005.5408
2024-09-11,0.54081,0.54128,0.523,0.5348,11661044.51514987
2024-09-12,0.53473,0.58813,0.5336,0.56253,37435347.96422123
2024-09-13,0.56272,0.57445,0.55556,0.57263,22959775.73426293
2024-09-14,0.57266,0.5992,0.5704,0.59562,28628725.23253862
2024-09-15,0.59561,0.59567,0.56821,0.57071,13708531.23990006
2024-09-16,0.57056,0.59149,0.55975,0.58661,24818612.59041832
2024-09-17,0.58649,0.5934,0.57897,0.5838,17208705.65084921
2024-09-18,0.58384,0.58567,0.56217,0.58538,20487495.58931389
2024-09-19,0.58543,0.5944,0.58114,0.58691,20644468.85334437
2024-09-20,0.58697,0.59285,0.57639,0.58518,22554890.75475802
2024-09-21,0.58507,0.61301,0.58,0.59773,16835844.27304552
2024-09-22,0.59766,0.60512,0.57797,0.58714,15256356.76244326
2024-09-23,0.58714,0.59597,0.57882,0.58485,16098216.14010142
2024-09-24,0.58479,0.59274,0.58113,0.59101,13482883.88980509
2024-09-25,0.59114,0.59565,0.5825,0.58297,11817986.21567525
2024-09-26,0.58305,0.5963,0.57341,0.5904,21640334.96061493
2024-09-27,0.59044,0.59735,0.58249,0.5887,20418011.6365
2024-09-28,0.58885,0.62597,0.58551,0.614,38825800.45992522
2024-09-29,0.61393,0.66499,0.60778,0.641,48243424.66670899
2024-09-30,0.64096,0.65461,0.60862,0.61147,34650318.31658742
2024-10-01,0.61136,0.63408,0.57779,0.59694,53259846.10003146
2024-10-02,0.5968,0.607,0.52689,0.5383,44542651.57853643
2024-10-03,0.5382,0.5445,0.50688,0.52169,49768425.36238362
2024-10-04,0.52161,0.53903,0.51465,0.53404,21832810.39062792
2024-10-05,0.53411,0.53519,0.52516,0.52947,8461738.29942097
2024-10-06,0.5295,0.53725,0.52776,0.53362,6671929.07013569
2024-10-07,0.53358,0.54585,0.52819,0.52861,14597568.70617527
2024-10-08,0.52875,0.53545,0.52017,0.53114,13383925.07679894
2024-10-09,0.53115,0.53452,0.52105,0.52449,11473861.80983459
2024-10-10,0.52466,0.54484,0.5228,0.53053,18779186.53968193
2024-10-11,0.53054,0.54216,0.52967,0.53876,9962965.08273698
2024-10-12,0.53849,0.54318,0.53521,0.53944,6914512.544682
2024-10-13,0.53935,0.53947,0.52509,0.53193,6760450.55753522
2024-10-14,0.53198,0.55264,0.52838,0.54843,14676034.40621902
2024-10-15,0.54836,0.55539,0.53141,0.54174,20098712.03746456
2024-10-16,0.54173,0.55378,0.53745,0.5482,14846293.63019437
2024-10-17,0.54811,0.56663,0.54184,0.54408,21605898.5210688
2024-10-18,0.54416,0.55293,0.5394,0.54663,16636658.50532625
2024-10-19,0.54673,0.54985,0.54083,0.54434,9089525.55107203
2024-10-20,0.54434,0.54866,0.53669,0.54801,10057545.3675
2024-10-21,0.54812,0.56066,0.541,0.54492,19864630.75129696
2024-10-22,0.54504,0.54956,0.52927,0.53377,14398281.58027617
2024-10-23,0.53383,0.5341,0.51179,0.52576,11190646.72339441
2024-10-24,0.52571,0.53369,0.52417,0.53214,9898144.53689635
2024-10-25,0.53214,0.53216,0.48632,0.50231,18410214.99767263
2024-10-26,0.50214,0.51537,0.49907,0.51346,12351917.8564
2024-10-27,0.51357,0.51789,0.51097,0.51697,7318265.2124
2024-10-28,0.51697,0.52165,0.51123,0.51944,9911218.73623694
2024-10-29,0.51945,0.53094,0.51852,0.52859,13856235.71291308
2024-10-30,0.5286,0.52867,0.51936,0.52293,16396417.64682588
2024-10-31,0.523,0.52374,0.50306,0.50957,13084380.3027
2024-11-01,0.50957,0.52428,0.50249,0.51306,17360026.90168193
2024-11-02,0.51306,0.51598,0.50617,0.5104,7666045.6851955
2024-11-03,0.51041,0.51139,0.49159,0.50307,17022766.02085403
2024-11-04,0.50299,0.51455,0.49573,0.5036,13631634.49970777
2024-11-05,0.50326,0.51887,0.50188,0.5141,17916821.26189841
2024-11-06,0.51419,0.5469,0.51404,0.54198,37528292.11685211
2024-11-07,0.54189,0.57826,0.53779,0.55562,28239621.64402931
2024-11-08,0.55563,0.56041,0.54127,0.55369,17892669.75588732
2024-11-09,0.55369,0.56177,0.54342,0.55921,14762637.28800113
2024-11-10,0.55927,0.61851,0.55557,0.58842,63330343.83431289
2024-11-11,0.58842,0.63291,0.57028,0.62088,175228480.92395686
2024-11-12,0.62099,0.74169,0.59675,0.70385,179952093.65204688
2024-11-13,0.70412,0.74793,0.64,0.68989,102946885.95451501
2024-11-14,0.68987,0.84726,0.68196,0.77366,105453873.76304427
2024-11-15,0.77363,0.92685,0.77043,0.89213,116884938.09435702
2024-11-16,0.89213,1.26759,0.87798,1.12055,184610610.64493996
2024-11-17,1.12079,1.16011,1.0036,1.05395,108260005.3695086
2024-11-18,1.05436,1.18627,1.05436,1.11427,87231003.35746703
2024-11-19,1.11426,1.14776,1.06844,1.10055,67473810.9483238
2024-11-20,1.10042,1.15047,1.05574,1.10407,75167381.39989322
2024-11-21,1.10414,1.264,1.07739,1.2471,94320640.7548782
2024-11-22,1.24674,1.50019,1.24654,1.47279,131626444.89774266
2024-11-23,1.47235,1.63298,1.41806,1.46833,114359286.50893855
2024-11-24,1.46865,1.51289,1.2768,1.43284,96317653.01477707
2024-11-25,1.43396,1.5388,1.3551,1.41421,81906603.85018924
2024-11-26,1.41366,1.45874,1.28337,1.39866,65811234.201371
2024-11-27,1.39864,1.52201,1.352,1.46956,62784955.55545383
2024-11-28,1.46978,1.54656,1.42953,1.54201,52710069.33378468
2024-11-29,1.542,1.81499,1.52319,1.80037,99936684.30252931
2024-11-30,1.80039,1.95711,1.76376,1.9518,92609208.45390283
2024-12-01,1.95176,2.34899,1.84765,2.29282,100204644.3212612
2024-12-02,2.29326,2.87246,2.21253,2.72417,166817565.56057687
2024-12-03,2.72364,2.90449,2.28161,2.50921,135290706.87788471
2024-12-04,2.51089,2.68097,2.2767,2.35833,99324632.7335219
2024-12-05,2.35721,2.49434,2.17325,2.24377,91843049.96321819
2024-12-06,2.24402,2.46315,2.22621,2.42623,66236138.53846892
2024-12-07,2.42606,2.61999,2.38331,2.60975,53743456.15910261
2024-12-08,2.61015,2.64842,2.48409,2.60174,53342108.75308769
2024-12-09,2.60196,2.60693,1.93638,2.21424,117745230.6246689
2024-12-10,2.21369,2.41822,1.9,2.37089,146995174.65116118
2024-12-11,2.37042,2.47056,2.23044,2.394,71274292.30771606
2024-12-12,2.39418,2.48381,2.30833,2.33852,123332720.29145198
2024-12-13,2.33863,2.47998,2.28419,2.42189,123686036.11155319
2024-12-14,2.42189,2.5307,2.3548,2.40112,118798639.34765037
2024-12-15,2.40146,2.472,2.3671,2.44715,104462809.27622332
2024-12-16,2.44689,2.58567,2.33206,2.48399,80418306.37976477
2024-12-17,2.48435,2.7279,2.43842,2.56759,75482677.98104095
2024-12-18,2.56755,2.59229,2.23383,2.31003,102687260.01552324
2024-12-19,2.31028,2.43105,2.15795,2.23899,113890592.59345238
2024-12-20,2.23863,2.35527,1.96077,2.27969,105391114.56326395
2024-12-21,2.27982,2.38665,2.19171,2.23808,63489829.50403083
2024-12-22,2.23883,2.29525,2.1599,2.20344,66080722.23899174
2024-12-23,2.20344,2.27953,2.13119,2.26173,49223722.00719049
2024-12-24,2.26174,2.35096,2.21364,2.32374,28724741.78895301
2024-12-25,2.32362,2.33271,2.26164,2.29736,21254231.38256545
2024-12-26,2.29761,2.31662,2.12851,2.15595,31694179.09686923
2024-12-27,2.15591,2.23849,2.11419,2.14681,33722981.86468041
2024-12-28,2.14671,2.20756,2.13447,2.1842,21846651.54112301
2024-12-29,2.18424,2.198,2.07,2.0941,23790285.66008714
2024-12-30,2.09392,2.1517,1.99663,2.05839,42282542.92281623
2024-12-31,2.05874,2.14948,2.01306,2.08387,31347272.00934854
2025-01-01,2.08361,2.35427,2.0812,2.332,38102937.08287343
2025-01-02,2.332,2.45155,2.32934,2.4029,37434478.93239496
2025-01-03,2.40303,2.48,2.3967,2.45447,26369802.31883392
2025-01-04,2.45426,2.50888,2.40071,2.41991,21313444.62971014
2025-01-05,2.42072,2.42839,2.32588,2.39927,25135301.09851229
2025-01-06,2.39952,2.45823,2.36723,2.41995,21060031.0958465
2025-01-07,2.4201,2.46845,2.25726,2.27129,41941563.45058198
2025-01-08,2.27127,2.39882,2.2,2.37321,46858460.36839805
2025-01-09,2.37283,2.39505,2.23478,2.27247,30964839.17702669
2025-01-10,2.27248,2.37001,2.24679,2.34157,30880586.55956558
2025-01-11,2.34166,2.60338,2.32499,2.57648,35464139.33230173
2025-01-12,2.57663,2.58364,2.4702,2.50441,26503379.58857202
2025-01-13,2.50404,2.56318,2.33208,2.52371,58199459.67959294
2025-01-14,2.52429,2.70042,2.51271,2.66801,34959677.99832989
2025-01-15,2.66721,3.19997,2.65016,3.14194,99781673.35592028
2025-01-16,3.14317,3.40239,2.92225,3.24503,104279606.3154412
2025-01-17,3.24476,3.35234,3.17503,3.29258,71220344.86660455
2025-01-18,3.29259,3.29925,3.05773,3.26982,80049269.19033496
2025-01-19,3.26991,3.29401,2.82736,2.95695,93368628.04862204
2025-01-20,2.95672,3.36991,2.90949,3.10632,98765099.28922337
2025-01-21,3.10669,3.2451,3.01425,3.1741,47879296.64059282
2025-01-22,3.17393,3.285,3.12719,3.17999,40311051.6751913
2025-01-23,3.18,3.18458,3.03778,3.11879,37187366.84632471
2025-01-24,3.11914,3.20368,3.05443,3.10085,32196314.34638825
2025-01-25,3.10024,3.14442,3.07694,3.10812,23065401.97594748
2025-01-26,3.10812,3.1448,3.01064,3.02231,26939434.58390914
2025-01-27,3.02191,3.05857,2.65182,3.05479,118074628.43432092
2025-01-28,3.05535,3.215,3.00605,3.05799,76637583.95363024
2025-01-29,3.05726,3.13691,2.96703,3.06857,53616973.0748312
2025-01-30,3.06848,3.15525,3.04712,3.12667,24820646.39744575
2025-01-31,3.12784,3.13386,3.00274,3.0361,16083330.50100587
2025-02-01,3.0361,3.07199,2.82794,2.87811,25752345.4444141
2025-02-02,2.87811,2.95507,2.45722,2.57869,77985246.98890281
2025-02-03,2.58157,2.7816,1.7,2.70024,170316294.30364049
2025-02-04,2.6998,2.78717,2.42084,2.5272,64805419.48598189
2025-02-05,2.52764,2.56936,2.34192,2.38105,38664791.27984597
2025-02-06,2.38077,2.47007,2.27703,2.32515,50491693.19820108
2025-02-07,2.32494,2.54243,2.263,2.39632,55942809.12623876
2025-02-08,2.3961,2.43692,2.35059,2.41898,30113834.55540112
2025-02-09,2.41913,2.5084,2.31155,2.39286,32359904.45555599
2025-02-10,2.39278,2.47371,2.32385,2.42362,31459248.22085212
2025-02-11,2.42339,2.52861,2.37099,2.4132,27603419.95145126
2025-02-12,2.4126,2.496,2.33139,2.473,27439639.12293233
2025-02-13,2.4734,2.60655,2.4153,2.55903,19232843.09989628
2025-02-14,2.55988,2.8358,2.53032,2.73844,37734981.86200171
2025-02-15,2.73849,2.83306,2.71364,2.76186,33127794.32243117
2025-02-16,2.76188,2.80529,2.68906,2.72845,29588743.00497056
2025-02-17,2.72858,2.76442,2.60773,2.65992,38064466.76222359
2025-02-18,2.65989,2.66971,2.46278,2.56314,30391691.72350339
2025-02-19,2.5627,2.746,2.51214,2.73794,23300014.77486522
2025-02-20,2.73794,2.74839,2.66736,2.68794,21083773.02281906
2025-02-21,2.68777,2.71493,2.50655,2.57226,25790887.81724621
2025-02-22,2.57301,2.60981,2.55092,2.57423,9899187.24046762
2025-02-23,2.57419,2.60113,2.51955,2.57524,10949351.26207721
2025-02-24,2.57605,2.6086,2.2326,2.27783,40173764.81721055
2025-02-25,2.27804,2.3658,2.06454,2.32195,83182230.04930958
2025-02-26,2.32244,2.33844,2.15061,2.19779,46813946.33287971
2025-02-27,2.19809,2.25755,2.14575,2.19832,32869899.21849797
2025-02-28,2.19876,2.20196,1.9518,2.1455,61772019.80843111
2025-03-01,2.14577,2.2198,2.12205,2.19119,28541662.29299633
2025-03-02,2.19204,3.00594,2.17392,2.93915,103994257.86327865
2025-03-03,2.93945,2.96712,2.29645,2.38721,71791100.71731168
2025-03-04,2.38753,2.53901,2.21195,2.4548,72181445.48600923
2025-03-05,2.45479,2.54092,2.40622,2.50006,37456879.70842908
2025-03-06,2.50006,2.64534,2.47086,2.59994,37126175.13054659
2025-03-07,2.59942,2.6213,2.34448,2.3852,59573993.65238757
2025-03-08,2.38498,2.41001,2.30257,2.32572,24640986.73021701
2025-03-09,2.32615,2.35104,2.08281,2.13818,42463993.7774268
2025-03-10,2.1392,2.26071,1.99211,2.02168,54332828.67687714
2025-03-11,2.02168,2.2148,1.89936,2.17036,56883633.14175136
2025-03-12,2.17076,2.27735,2.13225,2.23952,43296560.92898208
2025-03-13,2.2391,2.34684,2.21355,2.25254,37338563.3355608
2025-03-14,2.2527,2.38889,2.23701,2.35668,28288189.77304037
2025-03-15,2.35599,2.4766,2.35299,2.39097,25606858.78955058
2025-03-16,2.39097,2.41081,2.26797,2.29419,29513205.40007686
2025-03-17,2.29401,2.3783,2.29159,2.33804,27384793.34557202
2025-03-18,2.33821,2.33953,2.22243,2.28502,30596257.1697179
2025-03-19,2.285,2.58941,2.26555,2.54613,50526616.5738168
2025-03-20,2.54697,2.56425,2.38888,2.4361,34572740.33818571
2025-03-21,2.43512,2.4668,2.35631,2.3806,30571190.780823
2025-03-22,2.38052,2.41688,2.35395,2.37143,15762687.26483213
2025-03-23,2.37142,2.44133,2.36556,2.43902,14168868.51446099
2025-03-24,2.43929,2.50417,2.41343,2.4497,22452048.71474417
2025-03-25,2.4498,2.4787,2.40688,2.4495,19266523.45531493
2025-03-26,2.44954,2.47949,2.32815,2.34937,21388154.1168143
2025-03-27,2.34937,2.38976,2.30217,2.34101,17920721.65606217
2025-03-28,2.34101,2.344,2.15377,2.20753,31153734.43282172
2025-03-29,2.20752,2.2255,2.06107,2.13439,35734847.16812538
2025-03-30,2.13488,2.21376,2.10758,2.13619,24093027.83453563
2025-03-31,2.13668,2.14096,2.02427,2.08939,37662652.63170404
2025-04-01,2.0896,2.19979,2.06501,2.13855,35626148.72509932
2025-04-02,2.13893,2.23335,1.98494,2.02373,51386523.13580186
2025-04-03,2.02356,2.08195,1.9604,2.06476,40592694.18065274
2025-04-04,2.06475,2.16341,2.01582,2.12996,46485752.81998264
2025-04-05,2.13028,2.17637,2.11384,2.14407,20784633.64112061
2025-04-06,2.14446,2.15882,1.86138,1.92191,51319035.60663006
2025-04-07,1.92191,2.00741,1.61313,1.89897,139376175.76308367
2025-04-08,1.89879,1.975,1.77743,1.79633,78496000.90878991
2025-04-09,1.79679,2.08897,1.72211,2.05347,63081692.81816685
2025-04-10,2.05341,2.05815,1.92247,1.96588,33643806.14122797
2025-04-11,1.9657,2.06472,1.94773,2.02279,34486164.00629698
2025-04-12,2.02244,2.18611,2.00333,2.15982,31237857.85739849
2025-04-13,2.15958,2.24685,2.08116,2.1202,39778466.16369718
2025-04-14,2.1199,2.18012,2.10345,2.12748,28534066.87177105
2025-04-15,2.12743,2.18457,2.08418,2.08442,26913360.42755075
2025-04-16,2.08462,2.128,2.03539,2.08324,34227477.88701446
2025-04-17,2.0831,2.11471,2.05158,2.06749,23769982.49328988
2025-04-18,2.06761,2.0895,2.04382,2.06152,15749575.87185013
2025-04-19,2.06165,2.09742,2.05872,2.08785,13378286.61632439
2025-04-20,2.0875,2.09424,2.03901,2.0787,13539240.60069042
2025-04-21,2.07878,2.14095,2.06,2.08534,23623845.50342316
2025-04-22,2.08534,2.25055,2.0634,2.21376,36629226.7787536
2025-04-23,2.21394,2.30063,2.19019,2.21827,39685938.54981209
2025-04-24,2.21797,2.23596,2.11736,2.2047,32075507.11098384
2025-04-25,2.20476,2.21913,2.16332,2.18107,24945664.34328231
2025-04-26,2.18135,2.24852,2.17975,2.19121,17976726.89122962
2025-04-27,2.19122,2.29513,2.15902,2.25202,30827812.97569909
2025-04-28,2.25203,2.36079,2.21429,2.29491,32795924.0822934
2025-04-29,2.29521,2.3148,2.22153,2.23821,18266366.72345473
2025-04-30,2.23791,2.25867,2.12361,2.19059,23176947.22145859
2025-05-01,2.19064,2.25637,2.18628,2.2126,15600455.72189347
2025-05-02,2.21205,2.24073,2.19143,2.20882,12600501.32084123
2025-05-03,2.20925,2.22,2.17588,2.1873,8614041.52201195
2025-05-04,2.18704,2.21867,2.15096,2.15604,9776172.54070417
2025-05-05,2.15601,2.19977,2.10671,2.13063,17623971.58531779
2025-05-06,2.13062,2.15943,2.0771,2.15437,17002030.96177645
2025-05-07,2.15547,2.17158,2.10411,2.12686,16409494.39426012
2025-05-08,2.12686,2.33,2.11805,2.32725,37627171.60316029
2025-05-09,2.32726,2.42977,2.28327,2.34366,40730417.05746791
2025-05-10,2.34367,2.47681,2.33572,2.47063,30790991.05037863
2025-05-11,2.47063,2.484,2.32732,2.36671,31539600.89308268
2025-05-12,2.36715,2.6555,2.35132,2.54373,69555490.95498795
2025-05-13,2.54372,2.605,2.42153,2.58235,48739624.08048459
2025-05-14,2.58261,2.65156,2.51892,2.55077,37770958.91646604
2025-05-15,2.55074,2.57183,2.35283,2.38554,44042267.80415796
2025-05-16,2.38548,2.43999,2.34725,2.37972,33171542.0987092
2025-05-17,2.37959,2.38896,2.29847,2.35292,28297776.0548986
2025-05-18,2.35303,2.44951,2.32368,2.42731,29413608.97006219
2025-05-19,2.42828,2.441,2.28291,2.38029,35516120.13571098
2025-05-20,2.38043,2.4087,2.31402,2.35621,26033373.5591
2025-05-21,2.35604,2.42875,2.3308,2.39508,31086144.36332163
2025-05-22,2.39525,2.45499,2.38803,2.43098,27446987.87026962
2025-05-23,2.43108,2.47975,2.28431,2.29536,28435379.72102275
2025-05-24,2.29642,2.35965,2.28595,2.33024,9974479.89746494
2025-05-25,2.3306,2.34432,2.26578,2.34228,18696423.51491227
2025-05-26,2.3419,2.35899,2.29587,2.31025,16448566.71444621
2025-05-27,2.31052,2.35428,2.26713,2.31668,19323152.60537349
2025-05-28,2.31661,2.32316,2.22636,2.27438,16551460.4366
2025-05-29,2.27439,2.31261,2.2384,2.24428,21720150.662265
2025-05-30,2.24411,2.2522,2.12567,2.13991,38004992.68497283
2025-05-31,2.13989,2.20636,2.07913,2.17355,26745333.95152767
2025-06-01,2.17404,2.18779,2.12276,2.17924,20621778.57156459
2025-06-02,2.17915,2.20445,2.13573,2.19713,22646383.02096984
2025-06-03,2.19717,2.28168,2.18401,2.244,23419137.22198129
2025-06-04,2.24447,2.26583,2.19429,2.20087,18629097.59364159
2025-06-05,2.20085,2.22665,2.05878,2.09376,36099549.61776161
2025-06-06,2.09376,2.19104,2.0812,2.15956,20727301.59559458
2025-06-07,2.15952,2.19098,2.1477,2.17667,12895579.20085932
2025-06-08,2.17667,2.29494,2.16648,2.26689,24731127.9147499
2025-06-09,2.26704,2.32916,2.22253,2.32106,23058947.55247437
2025-06-10,2.32106,2.3275,2.25978,2.3074,26764858.04160834
2025-06-11,2.30741,2.33786,2.25049,2.2708,28257799.74111476
2025-06-12,2.27071,2.2732,2.16874,2.18997,29054798.26754172
2025-06-13,2.18998,2.19167,2.08265,2.1475,56793125.31522036
2025-06-14,2.14757,2.17939,2.10906,2.13915,22439633.06912118
2025-06-15,2.1393,2.17593,2.13761,2.16574,15766402.92364039
2025-06-16,2.16573,2.33775,2.15159,2.23777,35170347.67630636
2025-06-17,2.23763,2.25708,2.14168,2.15859,32569447.26837144
2025-06-18,2.15923,2.18067,2.11817,2.17095,24977988.62694573
2025-06-19,2.17096,2.18559,2.14368,2.16494,15898090.71560657
2025-06-20,2.16484,2.1795,2.08522,2.11934,20699723.04688195
2025-06-21,2.11954,2.1451,1.99336,2.0633,22492201.78591097
2025-06-22,2.06373,2.08924,1.9082,2.01789,41369258.91106981
2025-06-23,2.01733,2.17123,1.96181,2.15915,34706037.03751391
2025-06-24,2.15892,2.21651,2.132,2.18885,26218152.17140598
2025-06-25,2.18963,2.22924,2.1698,2.18555,19051724.74713702
2025-06-26,2.18575,2.21318,2.09537,2.10542,20894273.47682709
2025-06-27,2.10564,2.15622,2.06767,2.14116,20981573.46013225
2025-06-28,2.142,2.20787,2.13388,2.18512,15025644.27122569
2025-06-29,2.18518,2.21971,2.1755,2.20689,10635986.38718018
2025-06-30,2.20661,2.32716,2.16456,2.23689,26528446.12913027
2025-07-01,2.23592,2.25314,2.14708,2.17195,18974916.48322233
2025-07-02,2.17195,2.29138,2.15717,2.2333,23090043.99916711
2025-07-03,2.23331,2.31395,2.22447,2.25664,18560528.16134316
2025-07-04,2.25664,2.26758,2.19589,2.22047,17414982.23708077
2025-07-05,2.22048,2.23345,2.20198,2.21778,8195320.33603595
2025-07-06,2.21778,2.2899,2.20835,2.27114,18656982.91719839
2025-07-07,2.27093,2.35356,2.25555,2.2707,50569423.72687066
2025-07-08,2.2707,2.3229,2.24858,2.31087,43540547.26883942
2025-07-09,2.31088,2.42756,2.29775,2.40391,49059957.26628248
2025-07-10,2.40392,2.56745,2.39251,2.54696,51705087.01938721
2025-07-11,2.54697,2.97504,2.51196,2.73273,107229296.04166231
2025-07-12,2.73224,2.84733,2.66261,2.73928,67844885.43683781
2025-07-13,2.73955,2.89262,2.72338,2.83652,61783508.84113787
2025-07-14,2.83633,3.03395,2.82071,2.95818,88445039.41992339
2025-07-15,2.95805,2.95924,2.80286,2.91951,65766750.55131892
2025-07-16,2.91892,3.10076,2.87687,3.03739,61732293.29634758
2025-07-17,3.03798,3.55,2.9867,3.48117,101157716.0992842
2025-07-18,3.48117,3.6604,3.34542,3.41336,58259751.48253913
2025-07-19,3.41241,3.48464,3.35459,3.42397,28912907.28670354
2025-07-20,3.42397,3.55769,3.38528,3.45298,35213111.67836656
2025-07-21,3.45303,3.64959,3.4072,3.54947,46079744.50884389
2025-07-22,3.54947,3.57881,3.42194,3.55041,44245246.28880048
2025-07-23,3.55041,3.55157,3.04763,3.18352,54092478.04952247
2025-07-24,3.18428,3.26629,2.9544,3.14529,52276187.87946036
2025-07-25,3.14516,3.16256,2.99945,3.14208,32022094.54062166
2025-07-26,3.14151,3.21799,3.10872,3.16571,17427010.12956078
2025-07-27,3.16606,3.25134,3.15632,3.23932,21974848.43943097
2025-07-28,3.23998,3.33048,3.10701,3.12314,33884327.22997411
2025-07-29,3.12314,3.1855,3.05301,3.12815,28319438.61191998
2025-07-30,3.12842,3.16242,2.98358,3.09627,36551224.28798842
2025-07-31,3.09511,3.17907,3.011,3.02227,27237204.03873083
2025-08-01,3.0224,3.0584,2.89256,2.96128,49393134.22612056
2025-08-02,2.96131,3.0202,2.73845,2.7696,39890825.09253961
2025-08-03,2.77008,2.96266,2.72726,2.94838,28196789.25965519
2025-08-04,2.94911,3.08997,2.93191,3.07208,32358777.90866907
2025-08-05,3.07152,3.10644,2.91583,2.96238,23517670.08085399
2025-08-06,2.9627,3.01942,2.902,2.99081,21814618.77282234
2025-08-07,2.9908,3.33438,2.96391,3.31936,26126805.60081656
2025-08-08,3.32034,3.38231,3.2057,3.28568,35662655.28232489
2025-08-09,3.28576,3.35141,3.2087,3.22608,22673119.90603346
2025-08-10,3.22608,3.27851,3.15256,3.18644,24866440.84838918
2025-08-11,3.18721,3.33336,3.11754,3.12964,40381057.33204482
2025-08-12,3.12952,3.30672,3.10459,3.26755,32176188.97550196
2025-08-13,3.26707,3.33523,3.20271,3.27453,29492248.07029668
2025-08-14,3.27454,3.35108,2.98032,3.07972,45396883.26887988
2025-08-15,3.07937,3.14275,3.00265,3.07769,24530215.90155976
2025-08-16,3.078,3.15573,3.07193,3.10553,11647913.2573931
2025-08-17,3.10554,3.14703,3.07695,3.08768,14190266.10341173
2025-08-18,3.0875,3.09631,2.94085,3.06104,29281386.01751962
2025-08-19,3.06128,3.08044,2.84859,2.86036,26671087.32083086
2025-08-20,2.86036,2.98928,2.81761,2.95073,24677452.18216264
2025-08-21,2.95073,2.95814,2.84283,2.85195,16754364.98704124
2025-08-22,2.85195,3.10587,2.78313,3.07452,36838079.69804519
2025-08-23,3.07452,3.07505,2.9694,3.04852,21929582.98779084
2025-08-24,3.04888,3.12799,2.98645,3.02579,28583572.49549647
2025-08-25,3.02646,3.05363,2.82127,2.85855,27882962.52299297
2025-08-26,2.85822,3.08159,2.84635,3.01221,24262837.28058665
2025-08-27,3.01221,3.04591,2.96198,2.96888,20320842.35906283
2025-08-28,2.96851,3.02497,2.94335,2.96652,16826959.65502391
2025-08-29,2.96652,2.97684,2.77286,2.81926,28876104.62903042
2025-08-30,2.81939,2.83502,2.76,2.81855,13103722.36830763
2025-08-31,2.81855,2.869,2.77081,2.77625,12825116.94913739
2025-09-01,2.77581,2.83883,2.69608,2.7584,37323849.19153178
2025-09-02,2.75891,2.86442,2.74822,2.86201,26790534.43196171
2025-09-03,2.86201,2.88699,2.81083,2.84429,19895710.35051949
2025-09-04,2.8443,2.86165,2.7846,2.79472,18573296.3367462
2025-09-05,2.79451,2.8849,2.77835,2.81422,27217603.31714384
2025-09-06,2.81402,2.8285,2.79308,2.80959,10077215.80599282
2025-09-07,2.80959,2.92726,2.80934,2.87742,15357799.06299675
2025-09-08,2.87715,2.99607,2.86293,2.96963,24790959.25897995
2025-09-09,2.96949,3.03637,2.93393,2.94713,28462115.08332996
2025-09-10,2.94724,3.0245,2.93567,2.9834,20880831.69879954
2025-09-11,2.9834,3.04868,2.95094,3.03994,23272749.44975512
2025-09-12,3.03995,3.13696,3.01809,3.10548,23678933.5559348
2025-09-13,3.10621,3.18558,3.0889,3.11964,21563123.41073748
